Id,MSSubClass,MSZoning,LotFrontage,LotArea,Street,Alley,LotShape,LandContour,Utilities,LotConfig,LandSlope,Neighborhood,Condition1,Condition2,BldgType,HouseStyle,OverallQual,OverallCond,YearBuilt,YearRemodAdd,RoofStyle,RoofMatl,Exterior1st,Exterior2nd,MasVnrType,MasVnrArea,ExterQual,ExterCond,Foundation,BsmtQual,BsmtCond,BsmtExposure,BsmtFinType1,BsmtFinSF1,BsmtFinType2,BsmtFinSF2,BsmtUnfSF,TotalBsmtSF,Heating,HeatingQC,CentralAir,Electrical,1stFlrSF,2ndFlrSF,LowQualFinSF,GrLivArea,BsmtFullBath,BsmtHalfBath,FullBath,HalfBath,BedroomAbvGr,KitchenAbvGr,KitchenQual,TotRmsAbvGrd,Functional,Fireplaces,FireplaceQu,GarageType,GarageYrBlt,GarageFinish,GarageCars,GarageArea,GarageQual,GarageCond,PavedDrive,WoodDeckSF,OpenPorchSF,EnclosedPorch,3SsnPorch,ScreenPorch,PoolArea,PoolQC,Fence,MiscFeature,MiscVal,MoSold,YrSold,SaleType,SaleCondition,SalePrice
0,26,RL,90.60111344534471,12153,Pave,,IR1,Lvl,AllPub,Inside,Gtl,NAmes,Norm,Norm,1Fam,SLvl,6,5,1996,2002,Hip,CompShg,HdBoard,Plywood,BrkFace,184.60559466884533,TA,TA,Slab,Ex,TA,Gd,,193,Unf,-19,271,697,GasA,Ex,Y,SBrkr,1386,13,17,1521,1,0,2,0,3,1,Gd,6,Min2,1,,Attchd,1965.3032340168816,Unf,2,487,TA,TA,Y,34,47,-9,12,2,9,,,,-61,6,2010,WD,Normal,170502
1,208,RL,,2158,Pave,,IR1,Lvl,AllPub,Inside,Gtl,NridgHt,RRNn,Norm,TwnhsE,2Story,9,6,2011,2010,Gable,CompShg,MetalSd,Plywood,BrkFace,506.97463143157063,Gd,TA,PConc,Ex,TA,Mn,Unf,103,Unf,-8,421,799,GasA,TA,Y,SBrkr,1212,510,6,1743,0,0,2,0,3,1,Ex,9,Typ,0,Gd,BuiltIn,2014.88969194608,Fin,3,704,TA,TA,Y,111,195,0,3,20,-1,,,Shed,272,4,2008,WD,Normal,246971
2,181,FV,40.16601531843109,13743,Pave,,IR2,Lvl,AllPub,Inside,Gtl,Mitchel,RRAn,Norm,1Fam,2Story,6,5,1965,1971,Gable,CompShg,VinylSd,VinylSd,None,60.63713686213766,TA,TA,BrkTil,TA,TA,Mn,BLQ,944,Unf,-51,49,765,GasA,Ex,Y,SBrkr,833,1238,11,1970,1,0,3,0,4,1,TA,9,Typ,1,Gd,BuiltIn,1971.097993578408,RFn,2,357,TA,TA,Y,9,72,14,-8,16,-8,,,,40,8,2008,New,Normal,234705
3,19,RL,82.13312810825205,20994,Pave,,Reg,Lvl,AllPub,Inside,Gtl,Timber,Norm,Norm,1Fam,1Story,7,5,1987,1981,Hip,CompShg,HdBoard,VinylSd,None,36.239799782913636,TA,TA,PConc,Ex,TA,Av,GLQ,1055,Unf,-71,772,1568,GasA,Ex,Y,SBrkr,1718,219,-9,2291,1,0,2,0,3,1,TA,9,Typ,2,Ex,Attchd,1974.1201127270751,Fin,2,599,TA,TA,Y,326,18,5,-12,264,5,,GdPrv,Shed,177,4,2009,WD,Normal,352735
4,5,RL,81.94884006072607,12669,Pave,,Reg,Lvl,AllPub,Inside,Gtl,NAmes,RRAe,Norm,1Fam,1Story,5,5,1962,2003,Gable,CompShg,HdBoard,HdBoard,None,1.1720957218296266,TA,TA,CBlock,TA,TA,No,Unf,91,Unf,33,1421,1292,GasA,TA,Y,FuseA,1602,-317,26,820,1,0,1,0,2,1,TA,4,Typ,0,,Detchd,1982.3399086619802,Unf,2,332,TA,TA,Y,10,-5,-10,5,-36,6,,,,117,7,2010,WD,Normal,123210
5,30,RL,60.04379463120945,11461,Pave,,Reg,Lvl,AllPub,Inside,Gtl,NridgHt,Norm,Norm,1Fam,1Story,7,3,1988,1967,Hip,CompShg,VinylSd,VinylSd,Stone,5.462711203682294,TA,TA,PConc,Ex,TA,No,Unf,238,LwQ,203,1573,1796,GasA,Gd,Y,SBrkr,1792,-77,-6,1641,0,0,2,0,3,1,TA,8,Typ,1,Ex,Attchd,1996.097530656103,Unf,3,813,TA,TA,Y,3,128,173,1,270,7,,,,-31,10,2006,WD,Normal,236723
6,22,RL,68.09343235713342,10964,Pave,,IR1,Lvl,AllPub,CulDSac,Gtl,SawyerW,Norm,Norm,1Fam,1Story,5,5,1982,1997,Gable,CompShg,VinylSd,VinylSd,None,-11.789538746323442,Gd,Po,CBlock,TA,TA,No,BLQ,59,Unf,70,1264,1536,GasA,TA,Y,SBrkr,1236,-79,20,1106,0,0,1,0,3,1,TA,5,Typ,0,TA,,1998.187050330401,Unf,1,70,TA,TA,Y,77,-18,-12,2,13,6,,,,-151,1,2009,WD,Normal,136951
7,56,RL,,11767,Pave,,IR1,HLS,AllPub,FR2,Gtl,StoneBr,Norm,Norm,1Fam,1Story,5,5,1959,1990,Hip,CompShg,Plywood,Plywood,None,-40.69271066988344,TA,TA,CBlock,Gd,TA,Av,GLQ,495,Unf,-16,609,1221,GasA,TA,Y,SBrkr,1587,-111,2,1356,1,0,2,0,2,1,TA,6,Typ,1,TA,Detchd,1960.2811599420013,Unf,2,418,TA,TA,Y,-12,-9,2,16,13,2,,,,58,5,2008,WD,Partial,169397
8,56,RL,,20629,Pave,,IR1,Lvl,AllPub,Inside,Gtl,Timber,Norm,Norm,1Fam,1Story,5,7,1963,1998,Gable,CompShg,Plywood,Plywood,None,-30.836656395522333,Gd,TA,BrkTil,Gd,TA,No,Unf,-493,Unf,107,1050,1030,GasA,Gd,Y,SBrkr,1100,286,6,1551,0,0,2,0,3,1,Gd,7,Typ,1,Gd,Attchd,1969.4725501508003,Unf,1,255,TA,TA,Y,-17,4,123,3,-12,11,,,,-74,4,2006,New,Partial,186430
9,20,RL,81.46753874564807,13848,Pave,,IR1,Low,AllPub,CulDSac,Gtl,Edwards,Norm,Norm,1Fam,1Story,6,5,2002,1962,Gable,CompShg,VinylSd,AsphShn,Stone,239.3790628591383,TA,TA,CBlock,Gd,TA,Gd,ALQ,175,Unf,31,510,1102,GasA,TA,Y,SBrkr,913,-43,-29,977,1,0,1,0,3,1,TA,6,Min2,0,,Attchd,1969.6877266779384,Unf,3,532,TA,TA,Y,117,108,13,3,-13,-11,,,,105,6,2007,WD,Normal,181048
10,85,RM,58.7501684758479,8895,Pave,,Reg,Lvl,AllPub,Corner,Gtl,Mitchel,Norm,Norm,1Fam,2Story,5,5,1936,1958,Gable,CompShg,AsbShng,AsbShng,None,-33.61534346461159,TA,TA,PConc,Gd,TA,No,ALQ,831,Unf,-15,74,690,GasA,TA,Y,SBrkr,662,667,15,1084,1,0,1,0,3,1,TA,6,Typ,0,,Detchd,1963.8135745023155,Unf,0,302,TA,TA,Y,-39,19,13,4,-1,5,,,,-6,6,2006,WD,Abnorml,105334
11,67,RM,75.98214201946512,8919,Pave,,Reg,Lvl,AllPub,Inside,Gtl,IDOTRR,Norm,Norm,1Fam,2Story,6,5,1949,1960,Hip,CompShg,VinylSd,Wd Sdng,None,79.18672347601863,Fa,TA,Slab,Ex,TA,No,Unf,-190,Unf,-12,1083,775,GasA,Ex,Y,FuseA,778,844,3,1790,0,0,2,0,3,1,Ex,9,Typ,1,Gd,Detchd,1946.8847594956603,Unf,2,415,TA,TA,N,30,-30,263,-2,2,0,,,Othr,26,0,2011,New,Normal,136915
12,2,RL,125.24244985713904,15484,Pave,,Reg,Bnk,AllPub,Inside,Mod,NAmes,Artery,Norm,1Fam,1Story,6,5,1997,1994,Gable,CompShg,VinylSd,VinylSd,BrkFace,488.03690562830667,Gd,TA,PConc,Ex,TA,Gd,GLQ,257,,61,861,1337,GasA,Fa,Y,FuseA,1801,-140,9,1384,0,0,2,0,3,1,Ex,7,Typ,0,Gd,Attchd,1995.6484674469455,Fin,2,525,TA,TA,Y,-25,23,15,1,20,13,,,,65,1,2006,WD,Normal,211457
13,31,RL,81.31146751972429,12277,Pave,,Reg,Lvl,AllPub,Inside,Gtl,Sawyer,Norm,Norm,1Fam,1Story,9,5,2011,2005,Gable,CompShg,VinylSd,VinylSd,None,-11.250737929078381,Gd,Gd,PConc,Gd,TA,No,GLQ,876,Unf,57,502,1798,GasA,Gd,Y,SBrkr,1869,112,1,1979,1,0,2,1,3,1,Gd,8,Typ,1,TA,Attchd,2002.8647120464823,Fin,2,524,TA,TA,Y,653,114,-4,8,-19,-1,,MnPrv,,-90,8,2008,WD,Normal,382163
14,57,RL,63.474990873535695,8729,Pave,,IR1,Lvl,AllPub,Inside,Gtl,Mitchel,Norm,Norm,TwnhsE,1Story,7,4,2014,1996,Gable,CompShg,MetalSd,HdBoard,BrkFace,223.27833909999302,Gd,TA,PConc,Gd,TA,Gd,GLQ,533,Unf,-11,603,1276,GasA,Ex,Y,SBrkr,1267,-34,-16,1201,0,1,2,1,3,1,TA,5,Typ,1,TA,Attchd,2002.834935169342,Fin,2,441,TA,TA,Y,635,53,-7,1,-5,7,,,,-149,7,2007,WD,Abnorml,222100
15,159,RM,36.238362350508886,6192,Pave,,Reg,Lvl,AllPub,Inside,Gtl,OldTown,Artery,Norm,TwnhsE,1.5Fin,5,5,1985,1992,Gable,CompShg,VinylSd,VinylSd,BrkFace,68.91637335665395,TA,TA,BrkTil,,,,,-120,,34,554,789,GasA,TA,Y,SBrkr,966,-3,-9,1069,0,0,1,0,1,1,TA,5,Typ,0,,Detchd,1974.7701242553492,Unf,3,469,TA,TA,Y,29,21,0,-7,-4,-12,,,,-130,10,2008,WD,Normal,113318
16,45,RL,97.71214330030881,11297,Pave,,IR2,Bnk,AllPub,Corner,Gtl,CollgCr,Norm,Norm,1Fam,1Story,8,5,2008,2007,Gable,CompShg,VinylSd,VinylSd,BrkFace,155.05719685417597,Gd,TA,PConc,Gd,TA,Av,GLQ,303,Unf,-28,738,1258,GasA,Ex,Y,SBrkr,1338,92,-3,1531,1,0,2,0,3,1,Gd,7,Typ,0,Gd,Detchd,2004.3361331968865,RFn,3,742,TA,TA,Y,0,38,-8,-12,22,-5,,,,-75,10,2006,WD,Normal,236104
17,62,RL,,7169,Pave,,Reg,Lvl,AllPub,Corner,Gtl,Edwards,Norm,Norm,1Fam,2Story,6,7,1987,2001,Gable,CompShg,VinylSd,Brk Cmn,None,39.94343693513002,TA,TA,PConc,TA,TA,Mn,BLQ,511,Unf,-25,203,732,GasA,TA,Y,SBrkr,1077,248,-18,1542,0,0,2,0,3,1,Gd,7,Typ,1,Gd,Attchd,1988.5046296656524,Unf,3,716,TA,TA,Y,394,25,10,-12,-16,-5,,,,-269,6,2006,WD,Normal,184134
18,28,RL,73.31676369259442,12821,Pave,,IR1,Lvl,AllPub,Corner,Gtl,Edwards,Artery,Norm,1Fam,2Story,5,5,1956,1947,Gable,CompShg,Wd Sdng,HdBoard,None,-33.98960895517484,TA,TA,CBlock,Gd,TA,Av,Unf,555,ALQ,43,-19,637,GasA,Ex,Y,SBrkr,903,151,8,1360,0,1,1,1,4,1,TA,8,Typ,1,TA,Attchd,1968.7167132868667,Fin,2,452,TA,TA,Y,123,77,2,-5,6,4,,GdWo,,174,6,2006,WD,Normal,144620
19,36,RM,,9114,Pave,,Reg,Lvl,AllPub,CulDSac,Mod,Crawfor,Norm,Norm,1Fam,1Story,6,8,2003,2006,Hip,CompShg,VinylSd,VinylSd,Stone,551.2156537000449,TA,TA,CBlock,Gd,TA,No,Unf,496,Unf,-32,323,861,GasA,Ex,Y,SBrkr,1147,34,-4,1500,0,0,2,0,3,1,TA,7,Typ,0,Gd,Attchd,1996.2587141671681,Fin,2,390,TA,TA,Y,91,-29,7,0,-13,-10,,,,-54,8,2009,WD,Alloca,204352
20,37,RL,,11160,Pave,,IR1,Low,AllPub,Inside,Mod,Edwards,Norm,Norm,1Fam,1.5Fin,8,7,1979,1990,Gable,CompShg,MetalSd,VinylSd,BrkFace,67.49377326758706,Gd,Gd,PConc,TA,TA,Mn,GLQ,1059,Unf,-23,285,1280,GasA,Ex,Y,SBrkr,1236,704,-3,1998,1,0,2,0,3,1,Gd,5,Typ,0,,Attchd,1994.2676418684039,Fin,2,616,TA,TA,Y,163,17,-16,-10,0,-2,,,,-131,9,2007,WD,Normal,286959
21,76,RL,59.09863444046284,8425,Pave,,IR1,Low,AllPub,Corner,Gtl,CollgCr,Norm,Norm,1Fam,1Story,7,5,2016,1998,Gable,CompShg,VinylSd,VinylSd,BrkFace,204.22054513255932,Gd,TA,PConc,Gd,TA,Gd,GLQ,1563,BLQ,23,174,1926,GasA,Ex,Y,SBrkr,1785,-27,-9,1774,2,0,2,0,2,1,TA,6,Typ,1,TA,Attchd,2013.2604216321913,RFn,2,760,TA,TA,Y,250,87,-10,151,-13,8,,,,67,7,2009,WD,Normal,271541
22,56,RL,60.01628850695646,8428,Pave,,IR1,Lvl,AllPub,Inside,Gtl,NridgHt,Norm,Norm,1Fam,1Story,7,5,2012,1992,Gable,CompShg,VinylSd,VinylSd,BrkFace,97.84806161885336,TA,TA,CBlock,Gd,TA,Av,GLQ,1649,Unf,-72,495,1871,GasA,Ex,Y,FuseA,1124,-57,-22,960,1,0,1,0,1,1,TA,4,Typ,1,TA,Attchd,2005.7368866918046,RFn,2,606,TA,TA,Y,28,58,4,-1,-9,11,,,,-29,7,2006,WD,Normal,252537
23,97,RL,,11265,Pave,,Reg,Low,AllPub,Inside,Gtl,Gilbert,Artery,Norm,Duplex,1.5Fin,6,5,1960,1988,Gable,Tar&Grv,BrkFace,MetalSd,BrkFace,285.4685987468277,TA,TA,CBlock,Gd,TA,Gd,GLQ,733,Unf,-7,82,737,GasA,Gd,Y,FuseA,1075,583,4,1572,1,0,1,0,3,1,Gd,7,Typ,0,,Attchd,1973.6530708171058,Unf,0,166,TA,TA,Y,12,8,11,-11,13,11,,,,-74,8,2007,WD,Abnorml,136387
24,52,RL,,14778,Pave,,Reg,Lvl,AllPub,Inside,Gtl,NAmes,Norm,Norm,1Fam,1.5Fin,6,6,1919,1950,Gable,CompShg,Wd Sdng,Wd Sdng,,,TA,TA,BrkTil,TA,TA,No,ALQ,-42,Unf,44,718,802,GasA,Fa,Y,SBrkr,742,1252,7,1715,0,0,2,0,5,1,TA,8,Typ,1,TA,Detchd,1916.5684926812476,Unf,2,469,TA,TA,Y,-21,16,23,-12,9,-14,,,,-28,4,2010,WD,Normal,169268
25,79,RL,65.08490065932806,10212,Pave,,IR3,Bnk,AllPub,Inside,Gtl,NWAmes,Norm,Norm,1Fam,2Story,7,5,1975,2002,Gable,CompShg,VinylSd,VinylSd,BrkFace,71.19177407757563,Gd,TA,BrkTil,TA,TA,No,Unf,305,Unf,-60,724,687,GasA,Ex,Y,SBrkr,870,639,16,1654,0,0,1,1,3,1,Ex,9,Typ,0,Gd,Attchd,1982.404802171194,Fin,2,501,,TA,Y,22,-34,5,-5,22,6,,,,-203,7,2008,WD,Normal,146942
26,171,RL,22.541393924929704,-870,Pave,,Reg,Lvl,AllPub,Inside,Gtl,OldTown,Norm,Norm,Twnhs,2Story,5,7,1915,1969,Gable,CompShg,MetalSd,MetalSd,None,36.255645832990574,TA,Gd,CBlock,TA,TA,Av,Unf,-28,Unf,150,566,772,GasA,TA,Y,SBrkr,842,719,33,1369,0,0,2,0,3,1,TA,6,Typ,0,Gd,Detchd,1967.2552400431618,Unf,2,459,TA,TA,Y,5,15,14,-8,-10,8,,MnPrv,,-16,7,2006,WD,Normal,127202
27,61,RL,60.82864937846892,9578,Pave,,Reg,Lvl,AllPub,Inside,Gtl,CollgCr,Norm,Norm,1Fam,SFoyer,7,4,1981,1996,Gable,CompShg,VinylSd,VinylSd,None,139.1951889558732,TA,TA,PConc,Ex,TA,Av,GLQ,217,Unf,5,1298,1416,GasA,Fa,Y,SBrkr,1293,6,6,1411,1,0,2,0,3,1,Ex,7,Typ,1,,BuiltIn,1981.7062736217335,RFn,1,173,TA,TA,Y,58,31,-18,-4,-9,-6,,,,-48,2,2009,WD,Abnorml,148988
28,19,RL,,5552,Pave,,IR1,Lvl,AllPub,Inside,Gtl,Sawyer,Norm,Norm,1Fam,1Story,5,5,1997,1968,Gable,CompShg,VinylSd,VinylSd,None,36.77229029035114,Gd,TA,CBlock,TA,TA,No,GLQ,724,Unf,15,472,1354,GasA,Ex,Y,SBrkr,947,-58,11,941,1,0,1,1,2,1,TA,4,Typ,0,Gd,Attchd,1980.0446574181979,Fin,2,533,TA,TA,Y,71,18,-15,-5,11,0,,,,-160,6,2007,WD,Normal,118618
29,162,RL,79.00459098330563,9082,Pave,,Reg,Lvl,AllPub,Corner,Gtl,Gilbert,Artery,Norm,1Fam,SLvl,8,5,2007,2001,Hip,CompShg,VinylSd,VinylSd,BrkFace,317.93320906089406,Gd,TA,CBlock,Gd,TA,No,Unf,239,Unf,-13,487,706,GasA,Ex,Y,SBrkr,951,713,-22,1710,0,0,2,1,3,1,Ex,6,Typ,1,TA,BuiltIn,2000.5512962455307,RFn,2,527,TA,TA,Y,-20,10,-10,4,259,11,,MnPrv,,-64,4,2009,WD,Abnorml,182524
30,96,RM,43.22851526843843,7462,Pave,,Reg,Lvl,AllPub,Inside,Gtl,CollgCr,Norm,Norm,1Fam,2Story,6,5,1998,2002,Gable,CompShg,VinylSd,VinylSd,None,70.44302441826959,Gd,TA,PConc,Gd,TA,No,GLQ,721,Unf,-46,584,882,GasA,TA,Y,SBrkr,815,811,1,1664,0,0,2,1,3,1,Gd,6,Typ,1,TA,Attchd,2002.0243685492735,Fin,1,307,TA,TA,Y,-50,119,-6,-1,-6,-6,,,,-78,3,2007,WD,Normal,201558
31,20,RM,63.45173250218508,7114,Pave,,IR1,Lvl,AllPub,Inside,Gtl,Mitchel,Norm,Norm,1Fam,1Story,6,6,1917,1972,Hip,CompShg,VinylSd,VinylSd,None,41.25378263190956,TA,Fa,BrkTil,TA,TA,No,GLQ,835,Unf,56,740,1537,OthW,Ex,N,SBrkr,1522,-2,-6,1537,0,1,1,0,3,1,TA,7,Typ,1,Gd,Detchd,1935.0845365416296,Fin,2,342,TA,TA,Y,126,35,61,-6,9,9,,,,-13,6,2007,WD,Normal,145860
32,54,RL,67.53528339941798,12117,Pave,,Reg,Lvl,AllPub,Corner,Gtl,CollgCr,Norm,Norm,1Fam,2Story,8,5,1997,2001,Hip,CompShg,Wd Sdng,VinylSd,BrkFace,238.56777564318497,Gd,TA,CBlock,TA,TA,No,Unf,1110,Unf,70,115,1325,GasA,Ex,Y,SBrkr,914,138,28,1491,0,0,2,0,3,1,Gd,6,Typ,1,TA,Attchd,2001.9021702487391,RFn,2,647,TA,TA,Y,11,46,212,-2,-14,-3,,,,105,10,2009,WD,Normal,185016
33,61,RM,37.9569594135866,-59100,Pave,,Reg,Bnk,AllPub,Inside,Gtl,BrkSide,Norm,Norm,1Fam,1Story,3,5,1916,1948,Gable,CompShg,CemntBd,VinylSd,None,17.850042351779226,TA,TA,BrkTil,TA,TA,No,LwQ,-343,Unf,30,389,576,GasA,TA,N,FuseF,615,-121,-2,504,0,0,1,0,2,1,TA,4,Typ,0,,Detchd,1951.5712549095003,Unf,0,-7,,,N,-83,-37,29,4,-6,0,,MnPrv,,33,1,2008,WD,Normal,27033
34,22,RL,71.84781111178962,6568,Pave,,Reg,Lvl,AllPub,Corner,Gtl,NridgHt,Norm,Norm,1Fam,1Story,7,5,1996,1999,Hip,CompShg,MetalSd,MetalSd,BrkFace,1211.0569907249253,Gd,TA,PConc,Ex,TA,Mn,GLQ,874,GLQ,9,641,1610,GasA,Ex,Y,SBrkr,1710,-73,-17,1393,1,0,1,1,0,1,Gd,4,Typ,1,Gd,Attchd,1999.0292779164547,RFn,3,964,TA,TA,Y,1,57,-4,8,3,-14,,,,59,7,2008,WD,Normal,235951
35,51,RL,64.05736831964082,13368,Pave,,Reg,Lvl,AllPub,Inside,Gtl,NAmes,Norm,Norm,Duplex,1Story,5,5,1938,1948,Gable,CompShg,HdBoard,HdBoard,None,-24.803359392984657,TA,TA,CBlock,TA,TA,Gd,Rec,620,LwQ,136,-25,692,GasA,TA,Y,SBrkr,760,56,10,1065,1,0,1,1,3,2,TA,6,Typ,0,,BuiltIn,1960.2945712648589,Unf,1,-47,TA,TA,N,-41,-26,-8,-1,-8,4,,,,97,11,2006,WD,Normal,76811
36,72,RM,74.38114965459833,9393,Pave,,IR1,Lvl,AllPub,Inside,Gtl,OldTown,Norm,Norm,1Fam,1.5Fin,6,8,1947,2007,Gable,CompShg,BrkFace,Wd Sdng,BrkFace,3.59907437355037,TA,TA,PConc,Gd,TA,No,Unf,829,Unf,-33,337,1036,GasA,Ex,Y,SBrkr,1637,-29,7,1568,0,1,2,0,3,1,Ex,7,Typ,0,,Detchd,1975.3759563986614,Unf,2,664,TA,TA,Y,192,21,172,1,-9,-9,,GdWo,,19,5,2009,WD,Normal,212046
37,65,RM,94.16452054885703,13349,Pave,,IR1,Lvl,AllPub,Inside,Gtl,OldTown,Norm,Norm,1Fam,2.5Unf,5,7,1941,2006,Hip,CompShg,VinylSd,HdBoard,None,44.3704658800749,TA,Gd,CBlock,TA,TA,No,BLQ,-470,Unf,-58,1413,591,GasA,Ex,Y,SBrkr,1050,548,7,1610,0,0,1,0,4,1,TA,8,Typ,1,Gd,Attchd,1921.9544591058043,Unf,1,214,Fa,TA,N,54,15,11,-6,5,-4,,GdWo,,64,9,2010,WD,Normal,120255
38,45,RL,,3143,Pave,,Reg,Lvl,AllPub,FR2,Gtl,Edwards,Feedr,Norm,1Fam,1Story,3,7,1899,1973,Gable,CompShg,HdBoard,HdBoard,None,6.435299617262847,TA,TA,CBlock,TA,TA,Gd,GLQ,807,Unf,512,-165,626,GasA,TA,Y,SBrkr,796,-150,9,684,1,0,1,0,2,1,TA,4,Typ,0,,,,,0,-23,,,N,164,-25,21,-2,-16,14,,MnPrv,,108,10,2009,WD,Normal,39246
39,24,RL,93.75376692873986,10545,Pave,,IR1,Lvl,AllPub,Inside,Gtl,IDOTRR,Norm,Norm,1Fam,1Story,7,6,1987,1995,Hip,CompShg,HdBoard,HdBoard,BrkFace,187.15799037325067,TA,TA,CBlock,Gd,TA,No,GLQ,657,Unf,-4,620,1273,GasA,Ex,Y,SBrkr,1420,77,-2,1709,0,0,1,0,4,1,TA,8,Typ,1,Gd,Attchd,1976.8034014461846,RFn,2,545,TA,TA,Y,24,-10,6,3,9,17,,,,40,3,2006,WD,Normal,165743
40,48,RL,57.19386751644577,5854,Pave,,IR1,Lvl,AllPub,Inside,Gtl,NAmes,Norm,Norm,1Fam,1Story,5,8,1915,1966,Gable,CompShg,HdBoard,HdBoard,None,111.05495611381812,TA,TA,CBlock,TA,TA,No,Unf,435,Unf,-48,688,758,GasA,TA,Y,SBrkr,893,5,11,1215,0,0,2,0,3,1,TA,6,Typ,0,,Detchd,1950.4434457085897,Unf,2,464,TA,TA,Y,-32,74,14,8,-8,0,,,,51,11,2010,WD,Normal,100251
41,51,RL,44.49657095293008,9871,Pave,,Reg,Lvl,AllPub,Inside,Gtl,NWAmes,Feedr,Norm,1Fam,1Story,4,4,1987,1968,Gable,CompShg,Plywood,Plywood,BrkFace,,TA,TA,CBlock,TA,TA,No,GLQ,833,Rec,54,250,1141,GasA,TA,Y,SBrkr,1320,-63,-3,1144,1,0,1,0,2,1,TA,5,Typ,0,,Detchd,1989.738355563715,Unf,2,577,TA,TA,Y,145,15,24,0,0,10,,,,-47,5,2009,WD,Normal,124753
42,89,RL,66.01746471793781,8959,Pave,,Reg,Lvl,AllPub,Corner,Gtl,BrkSide,Norm,Norm,1Fam,2Story,6,6,1968,1967,Gable,CompShg,MetalSd,Wd Sdng,None,0.34838109653719085,TA,TA,PConc,Gd,TA,No,GLQ,700,Unf,-84,359,718,GasA,Ex,Y,FuseF,756,748,21,1561,0,0,1,1,2,1,TA,6,Typ,1,Gd,Attchd,1976.2094363855958,RFn,1,262,TA,TA,Y,43,0,13,1,2,-5,,,,-244,1,2006,WD,Normal,158953
43,80,FV,81.99048829578489,8199,Pave,Pave,IR1,Lvl,AllPub,Inside,Gtl,Somerst,Norm,Norm,1Fam,2Story,8,5,2015,2010,Gable,CompShg,VinylSd,VinylSd,Stone,299.95433306483113,Gd,TA,PConc,Gd,TA,No,GLQ,-214,Unf,-54,1697,1188,GasA,Ex,Y,FuseA,1692,898,2,2552,0,0,2,1,3,1,Gd,8,Typ,1,Gd,BuiltIn,,RFn,2,479,TA,TA,Y,-33,266,-22,8,-11,-7,,,,-82,6,2010,New,Partial,354623
44,24,RL,99.85287743240949,11071,Pave,,IR1,Lvl,AllPub,Inside,Gtl,Gilbert,Norm,Norm,1Fam,1Story,6,5,1957,2002,Gable,CompShg,VinylSd,VinylSd,None,-16.032116020393556,TA,TA,BrkTil,Ex,TA,Gd,GLQ,949,Unf,-39,712,1365,GasA,Gd,Y,SBrkr,1486,700,3,1771,1,0,2,0,3,1,TA,8,Typ,2,Gd,Attchd,1982.784398670467,Fin,2,371,TA,TA,Y,387,-25,20,-18,-2,8,,,,-34,1,2009,WD,Normal,246929
45,70,RL,19.629473996557408,5142,Pave,,IR1,Bnk,AllPub,Inside,Gtl,BrkSide,Norm,Norm,Duplex,1.5Fin,5,5,1955,2003,Gable,CompShg,MetalSd,MetalSd,None,-61.89165241678288,Gd,TA,BrkTil,TA,TA,No,Unf,-273,Unf,-42,1523,887,GasA,TA,Y,SBrkr,809,900,1,1594,0,0,2,0,4,1,Gd,8,Typ,0,,Detchd,1953.7416844073127,Unf,1,-9,Fa,,Y,-3,4,18,-2,0,6,,,,-64,6,2009,WD,Partial,104157
46,150,RM,46.951752360980706,7476,Pave,Pave,Reg,Lvl,AllPub,Inside,Gtl,IDOTRR,Norm,Norm,Duplex,1.5Fin,5,5,1915,1955,Gable,CompShg,MetalSd,MetalSd,Stone,351.2615047661303,TA,TA,CBlock,TA,TA,Av,BLQ,425,LwQ,14,97,608,GasA,Gd,Y,SBrkr,930,76,9,1079,0,0,1,0,3,2,TA,7,Typ,1,,Detchd,1943.1484353401208,Unf,1,249,TA,TA,N,-4,15,7,1,1,-8,,,,33,8,2006,WD,Normal,117627
47,62,RM,78.100276611551,6765,Pave,,Reg,Lvl,AllPub,Inside,Gtl,Blueste,Norm,Norm,1Fam,SLvl,8,5,1936,1961,Hip,CompShg,AsbShng,HdBoard,BrkFace,182.99403152289318,TA,Fa,PConc,Ex,Gd,No,Unf,77,Rec,53,1077,1085,GasA,Gd,Y,FuseA,1655,400,-1,2345,0,0,2,0,3,1,TA,9,Maj1,1,Gd,Attchd,1951.5481390578936,Unf,2,549,TA,TA,Y,334,36,109,-9,4,-5,,,,-53,11,2006,WD,Normal,186908
48,-4,RL,83.4324743892674,8565,Pave,,Reg,Lvl,AllPub,Inside,Gtl,BrkSide,Artery,Artery,1Fam,1Story,4,5,1931,1972,Gable,CompShg,Wd Sdng,Wd Sdng,BrkFace,-0.6198514033528739,TA,TA,CBlock,TA,Fa,No,Unf,264,Unf,-1,383,824,GasA,Ex,Y,FuseA,871,502,4,1108,0,0,1,0,3,1,TA,6,Typ,0,,Detchd,1941.827477666225,Unf,1,236,TA,TA,Y,-22,-4,4,-2,-13,-2,,,,-19,5,2008,WD,Normal,121629
49,50,RM,51.728067904130114,6844,Pave,,Reg,Lvl,AllPub,Inside,Gtl,CollgCr,Norm,Norm,1Fam,1Story,6,3,1976,2000,Hip,CompShg,VinylSd,VinylSd,BrkFace,120.4949062166555,Gd,TA,PConc,Ex,TA,No,Unf,212,Unf,3,779,1027,GasA,Gd,Y,SBrkr,1406,923,-5,2136,0,0,2,0,3,2,TA,8,Typ,1,,BuiltIn,1995.2654188235408,Unf,1,464,TA,TA,Y,435,58,1,-3,-1,16,,,,-19,5,2008,WD,Normal,148180
50,155,RL,53.908502140663806,6650,Pave,,Reg,HLS,AllPub,Inside,Mod,NAmes,Norm,Norm,1Fam,2Story,5,5,1955,1954,Gable,CompShg,Wd Sdng,Wd Sdng,None,-22.69712836591841,TA,Gd,PConc,TA,TA,Av,Rec,403,Unf,4,562,883,Grav,Ex,Y,SBrkr,929,70,12,1274,0,0,1,0,2,1,TA,7,Typ,0,,Attchd,1968.746820722943,Unf,1,365,TA,TA,Y,146,2,9,1,1,-3,,,,-48,6,2006,WD,Abnorml,109145
51,37,RL,85.76334460587549,7702,Pave,,Reg,Bnk,AllPub,Inside,Gtl,NAmes,Norm,Norm,1Fam,1.5Fin,7,7,1952,1948,Gable,CompShg,MetalSd,MetalSd,None,3.891859208581207,TA,TA,CBlock,TA,TA,No,BLQ,795,Unf,44,134,870,GasA,Gd,Y,SBrkr,997,9,7,1282,1,0,1,0,3,1,TA,6,Typ,0,TA,Detchd,1959.461154343752,Unf,1,421,TA,TA,Y,-22,12,-1,-6,2,4,,,,19,4,2007,WD,Abnorml,144855
52,55,RL,71.21308836717694,10484,Pave,,Reg,Lvl,AllPub,Inside,Gtl,OldTown,Norm,Norm,1Fam,1.5Fin,6,5,1939,2001,Gable,CompShg,WdShing,Wd Sdng,BrkFace,34.16493570460464,TA,TA,CBlock,TA,TA,Av,BLQ,705,Unf,167,480,1395,GasA,TA,Y,SBrkr,1417,-47,9,1424,1,0,1,1,3,1,TA,7,Min2,1,Gd,Detchd,1965.9682515566071,Unf,1,401,TA,TA,Y,-16,3,93,-2,163,-8,,,,-147,4,2009,WD,Normal,196146
53,21,RL,,7160,Pave,,IR1,Lvl,AllPub,Inside,Gtl,CollgCr,Norm,Norm,1Fam,1Story,6,6,1979,2010,Gable,CompShg,VinylSd,VinylSd,None,71.6640842044065,Gd,TA,CBlock,Gd,TA,No,GLQ,1125,Unf,-37,588,1557,GasA,Ex,Y,SBrkr,1158,467,1,1567,1,0,2,1,3,1,Gd,7,Typ,1,TA,Attchd,1971.3174424828287,RFn,2,550,TA,TA,Y,245,249,18,-4,11,-7,,,,3,3,2010,WD,Normal,291953
54,15,RL,63.80235688997134,6984,Pave,,IR1,Lvl,AllPub,Inside,Gtl,MeadowV,Norm,Norm,1Fam,1Story,6,2,2006,1973,Gable,CompShg,CemntBd,Plywood,BrkFace,256.3161206000645,TA,TA,PConc,Ex,TA,No,GLQ,282,Unf,10,737,1159,GasA,Ex,N,FuseA,1243,38,-4,1353,0,0,2,0,3,1,TA,6,Typ,0,,Attchd,2004.4948894916643,Fin,2,450,,TA,Y,169,210,-37,-7,-9,11,,,,-217,6,2006,WD,Abnorml,126152
55,36,RL,78.79232180932422,10992,Pave,,Reg,Lvl,AllPub,FR2,Gtl,NWAmes,Feedr,Norm,1Fam,2Story,5,6,1990,2005,Gable,CompShg,HdBoard,HdBoard,BrkFace,743.1463682583611,TA,TA,CBlock,Gd,TA,Mn,Unf,14,Unf,67,516,763,GasA,TA,Y,SBrkr,898,888,-6,1687,0,0,2,1,3,1,TA,8,Typ,0,,Attchd,1974.9657574196046,Fin,2,256,TA,Fa,Y,110,60,-11,4,-4,3,,,,96,4,2009,WD,Normal,141522
56,75,RL,,16050,Pave,Pave,IR1,Lvl,AllPub,Corner,Gtl,BrkSide,Norm,Norm,1Fam,1.5Fin,7,5,1964,2006,Gable,CompShg,Wd Sdng,Wd Sdng,Stone,62.96067112866265,Gd,TA,CBlock,Ex,TA,Mn,GLQ,712,Unf,-56,1138,1393,GasA,TA,N,SBrkr,1775,492,21,2336,1,0,2,0,3,1,Gd,8,Typ,2,Gd,Attchd,1989.0338155165991,Fin,2,504,TA,TA,N,87,121,-26,-1,0,11,,,,-94,4,2010,WD,Normal,220965
57,69,RL,95.35095553941257,17112,Pave,,IR1,Lvl,AllPub,CulDSac,Gtl,NAmes,Norm,Norm,1Fam,SLvl,8,5,1965,1978,Gable,CompShg,VinylSd,Wd Sdng,BrkFace,190.65301541378557,Gd,Gd,BrkTil,Gd,TA,Gd,GLQ,1025,Unf,32,205,1521,GasA,Ex,N,SBrkr,1605,725,15,2133,1,1,2,0,4,1,TA,11,Typ,1,TA,Attchd,1974.2006570573105,RFn,2,521,TA,TA,Y,199,43,200,4,-1,15,,,,251,6,2007,WD,Normal,238126
58,58,RM,59.126343206665695,6922,Pave,,Reg,Lvl,AllPub,Inside,Gtl,CollgCr,Norm,Norm,TwnhsE,2Story,9,5,2013,2007,Gable,CompShg,VinylSd,VinylSd,BrkFace,279.56141705910403,Gd,Gd,PConc,Gd,TA,Av,GLQ,553,Unf,-37,540,1060,GasA,Ex,Y,SBrkr,855,267,-21,1379,0,0,2,0,3,1,Gd,5,Typ,0,Gd,Attchd,2011.5383912101195,RFn,2,679,TA,TA,Y,-5,90,15,-2,6,-3,,,,74,6,2007,WD,Normal,214202
59,59,RL,66.7445364706019,8393,Pave,,Reg,Lvl,AllPub,Corner,Gtl,Gilbert,Norm,Norm,1Fam,1Story,5,5,1947,1994,Gable,CompShg,VinylSd,VinylSd,None,-109.026990741419,TA,TA,PConc,Gd,TA,No,Unf,-343,Unf,-23,1166,726,GasA,Ex,Y,SBrkr,841,342,7,1423,0,0,2,0,2,1,Ex,7,Typ,0,,Detchd,1991.2445336931066,Fin,2,559,Fa,TA,Y,-11,9,-15,0,-7,-6,,,,71,7,2008,WD,Normal,116818
60,24,RL,,12084,Pave,,IR1,Lvl,AllPub,Corner,Gtl,NAmes,RRAn,Norm,TwnhsE,1Story,7,5,1981,2005,Gable,CompShg,HdBoard,HdBoard,Stone,192.28783071095256,Gd,TA,CBlock,TA,TA,Gd,Unf,87,Unf,7,1307,1328,GasA,Ex,Y,SBrkr,1495,-89,11,1374,0,0,1,0,2,1,TA,6,Typ,0,Gd,Attchd,2002.2865301814097,RFn,2,488,TA,TA,Y,99,262,2,-4,10,14,,,,97,5,2009,WD,Normal,159571
61,45,RM,70.55491286283952,11243,Pave,Grvl,Reg,Lvl,AllPub,CulDSac,Gtl,NAmes,Norm,Norm,1Fam,SFoyer,5,6,1927,1948,Gable,CompShg,BrkFace,Wd Sdng,None,58.24012312032582,TA,TA,CBlock,TA,TA,No,LwQ,521,GLQ,341,221,1149,GasA,Ex,Y,SBrkr,1187,-33,-9,1181,0,0,1,1,2,1,TA,6,Typ,0,,Detchd,1955.405091108479,Unf,1,390,TA,,Y,-30,5,18,4,9,3,,GdWo,,-83,13,2007,WD,Abnorml,129103
62,66,RL,,6323,Pave,,Reg,Lvl,AllPub,Inside,Gtl,Sawyer,Norm,Norm,1Fam,2Story,5,6,1964,1967,Gable,CompShg,Plywood,Brk Cmn,None,71.65097083312412,TA,TA,Slab,TA,TA,No,ALQ,-488,Unf,-47,1188,677,GasA,TA,Y,FuseA,775,582,-1,1200,0,0,1,1,3,1,TA,6,Typ,1,TA,Attchd,2001.2554169824555,Unf,2,579,TA,TA,Y,317,-9,-21,-7,-9,-8,,,,-101,1,2006,WD,Normal,126012
63,22,RL,76.40010064009074,11563,Pave,,IR1,Lvl,AllPub,Inside,Gtl,NAmes,Norm,Norm,1Fam,1Story,5,4,1952,1960,Hip,CompShg,Wd Sdng,CmentBd,BrkCmn,22.6784222030696,TA,TA,PConc,TA,TA,No,Rec,731,Unf,-43,487,985,GasA,Fa,N,SBrkr,1030,-125,13,921,1,0,1,0,1,1,TA,6,Typ,0,Gd,,,,1,211,TA,Fa,Y,165,6,22,288,-21,-7,,GdWo,,152,9,2009,WD,Normal,104121
64,24,RL,,9529,Pave,,Reg,Lvl,AllPub,CulDSac,Gtl,Mitchel,Norm,Norm,1Fam,1Story,6,5,1989,1974,Hip,CompShg,VinylSd,VinylSd,BrkFace,190.2196002311324,TA,TA,CBlock,TA,Gd,Av,BLQ,593,Unf,1,1106,1771,GasA,TA,Y,SBrkr,2117,43,-11,2099,1,0,2,0,3,1,TA,8,Typ,1,TA,BuiltIn,1973.5342276178837,Unf,3,711,TA,TA,Y,47,-4,-2,-2,26,4,,,,-29,9,2008,WD,Partial,241960
65,28,RM,51.38993189658296,-4272,Pave,,Reg,Bnk,AllPub,Inside,Gtl,IDOTRR,Norm,Norm,1Fam,1Story,4,8,1970,1978,Hip,CompShg,VinylSd,Wd Shng,BrkFace,20.925661827019674,Fa,Gd,CBlock,TA,TA,Av,GLQ,482,Unf,-32,158,537,GasA,Ex,Y,SBrkr,728,-74,-4,736,1,0,1,0,3,1,Fa,4,Typ,1,,Attchd,1966.3409692081088,Unf,1,91,TA,TA,Y,-9,0,-3,0,1,-18,,MnPrv,,182,3,2009,WD,Normal,104318
66,21,RL,,8706,Pave,,IR1,Lvl,AllPub,Corner,Gtl,NAmes,Norm,Norm,1Fam,1Story,3,5,1914,1964,Gable,CompShg,MetalSd,MetalSd,None,-44.79127709820366,TA,TA,CBlock,TA,TA,No,BLQ,613,Rec,70,89,855,GasA,Gd,Y,SBrkr,1120,-77,2,976,0,0,1,0,3,1,TA,5,Typ,0,,Detchd,1914.8801050843047,Unf,0,74,TA,Fa,Y,-35,-32,35,-2,-19,-6,,,,59,6,2007,WD,Normal,65789
67,46,RM,74.7826162451486,8459,Pave,,Reg,Lvl,AllPub,Inside,Gtl,CollgCr,Norm,Norm,1Fam,2Story,7,6,2005,2011,Gable,CompShg,MetalSd,MetalSd,None,5.830414411710002,TA,TA,CBlock,Gd,TA,No,LwQ,-416,Unf,55,887,722,GasA,Ex,Y,SBrkr,739,746,473,1505,0,0,2,0,3,1,Gd,7,Typ,0,Gd,Detchd,2008.2322517080133,RFn,2,663,TA,TA,Y,16,17,-1,-5,-12,-4,,,,-30,3,2009,WD,Abnorml,159732
68,26,RM,80.14372236723078,7114,Pave,,Reg,Lvl,AllPub,Inside,Gtl,BrkSide,Norm,Norm,1Fam,1.5Fin,5,7,1905,1956,Gable,CompShg,Wd Sdng,Wd Sdng,None,-48.369864339367226,TA,TA,CBlock,TA,TA,No,Unf,-542,Unf,17,1758,1050,GasA,Gd,Y,FuseA,1283,6,7,1415,0,0,1,0,3,1,Gd,5,Typ,0,,Attchd,1947.3265975127954,Unf,0,156,TA,TA,Y,-18,21,30,-17,104,-2,,,,-55,7,2006,WD,Normal,123825
69,25,RL,69.90772499996272,10996,Pave,,IR1,Lvl,AllPub,Inside,Gtl,Somerst,Norm,Norm,1Fam,1Story,6,5,2004,2001,Gable,Tar&Grv,VinylSd,VinylSd,None,-20.473870024742666,TA,TA,PConc,Ex,Gd,Gd,GLQ,-613,Rec,52,1582,924,Floor,TA,Y,SBrkr,1370,-3,-13,1431,0,0,2,0,3,1,Gd,7,Typ,0,,BuiltIn,2007.4513019191475,Fin,2,385,TA,,Y,110,99,-6,-1,5,1,,,,-112,8,2009,WD,Normal,188914
70,3,RL,95.41271014461121,12708,Pave,,Reg,Lvl,AllPub,Inside,Gtl,NAmes,Norm,Norm,1Fam,1Story,5,5,1957,1957,Gable,CompShg,HdBoard,HdBoard,None,-32.180355842293466,TA,TA,CBlock,TA,TA,No,BLQ,728,Unf,22,458,1413,GasA,TA,Y,SBrkr,1636,-242,-3,952,0,0,1,0,1,1,TA,4,Typ,1,Gd,Attchd,1936.3421223375644,Unf,1,289,TA,TA,Y,28,44,-25,13,-1,2,,,,-116,9,2008,WD,Abnorml,115375
71,71,RL,49.565487076514415,9863,Pave,,Reg,Lvl,AllPub,Inside,Gtl,NoRidge,RRAe,Norm,1Fam,2Story,6,7,1975,2002,Gable,CompShg,VinylSd,VinylSd,None,3.7736887214299575,Gd,TA,PConc,,,No,,401,,-31,44,652,GasA,Ex,Y,SBrkr,1151,1035,6,2183,1,0,2,0,3,1,Gd,8,Typ,1,TA,Attchd,1980.8570881630583,RFn,2,509,TA,TA,Y,219,64,-17,-7,-49,0,,,,39,3,2010,WD,Normal,175249
72,16,RM,54.140055151103326,2351,Pave,,Reg,Lvl,AllPub,Inside,Gtl,OldTown,Norm,Norm,1Fam,1Story,6,7,1922,1984,Gable,CompShg,VinylSd,VinylSd,None,35.8700183048384,TA,TA,BrkTil,Gd,TA,No,Unf,20,Unf,-24,1081,820,GasW,Gd,Y,SBrkr,827,394,8,1131,0,0,2,0,3,1,Gd,5,Typ,0,,Detchd,,,1,312,,,Y,7,-15,108,-7,159,1,,,,-108,4,2007,New,Partial,126190
73,20,RL,65.1266401579559,11322,Pave,,IR1,Lvl,AllPub,Corner,Gtl,CollgCr,RRNn,Norm,1Fam,1Story,6,5,2001,1966,Gable,CompShg,VinylSd,VinylSd,BrkFace,42.01695938564836,TA,TA,PConc,Gd,TA,No,Rec,672,Unf,-46,691,1171,GasA,Gd,Y,SBrkr,1009,18,-6,1178,0,0,2,0,3,1,Gd,5,Typ,1,,Attchd,1985.3081029118443,RFn,2,387,TA,TA,Y,71,15,12,-11,-23,5,,,,-214,5,2006,WD,Partial,183135
74,30,RL,60.17754023601582,9204,Pave,,IR1,Lvl,AllPub,CulDSac,Gtl,NWAmes,Norm,Norm,1Fam,1Story,4,6,1971,1996,Gable,CompShg,BrkFace,Plywood,None,33.86387606461351,TA,TA,CBlock,TA,TA,No,Unf,-743,Unf,-3,795,301,GasA,Gd,Y,SBrkr,756,50,-1,1038,0,0,1,0,2,1,Gd,5,Typ,0,,Attchd,1966.3721895910041,Unf,2,455,TA,TA,Y,-19,37,-5,-6,2,8,,,,-154,6,2009,WD,Normal,101859
75,45,RL,,9578,Pave,,Reg,Lvl,AllPub,Corner,Gtl,Mitchel,Norm,Norm,1Fam,1Story,6,5,2009,1993,Gable,CompShg,VinylSd,VinylSd,BrkFace,104.47265832544181,Gd,TA,PConc,Gd,Gd,No,GLQ,574,Unf,26,552,1286,GasA,Ex,Y,SBrkr,1012,-113,-12,1006,0,0,2,0,2,1,Gd,4,Typ,0,TA,Attchd,2001.2344371279357,RFn,2,485,TA,TA,Y,-14,20,11,-6,-13,3,,,,-51,5,2009,WD,Normal,177745
76,17,RL,58.826239616402134,5415,Pave,,Reg,Lvl,AllPub,Inside,Gtl,CollgCr,Feedr,Norm,1Fam,1Story,5,7,1943,1947,Gable,CompShg,Plywood,Plywood,None,9.05125236488408,TA,TA,CBlock,TA,TA,No,Unf,-153,Unf,1,1078,951,GasA,Ex,Y,FuseA,1033,395,4,1390,0,0,2,1,3,1,Gd,6,Typ,1,Fa,Attchd,1963.6432437561673,Unf,1,124,TA,TA,Y,20,66,7,-2,-1,6,,,,-215,7,2006,WD,Abnorml,124789
77,1,RL,82.48017467197408,11397,Pave,,Reg,Lvl,AllPub,Inside,Gtl,NridgHt,Norm,Norm,1Fam,1Story,8,6,2013,2010,Hip,CompShg,VinylSd,CmentBd,Stone,64.87326682894064,Ex,TA,PConc,Ex,,Mn,GLQ,1242,,-35,157,1625,GasA,Ex,Y,SBrkr,1785,-121,-7,1287,1,0,1,0,3,1,Gd,8,Typ,1,Gd,Attchd,2008.9657294947442,Fin,3,585,TA,TA,Y,-22,28,-15,-3,9,-4,,,,-232,3,2007,New,Partial,257437
78,55,RL,,16561,Pave,,IR1,HLS,AllPub,Inside,Mod,SawyerW,Norm,Norm,1Fam,1.5Fin,8,7,1997,2000,Gable,CompShg,MetalSd,MetalSd,,,Ex,Gd,PConc,Ex,TA,Mn,Unf,76,Unf,14,1093,1253,GasA,Ex,Y,SBrkr,1025,243,-14,1630,0,0,2,0,3,1,Gd,7,Typ,2,TA,Attchd,1986.6721277532174,Fin,2,515,TA,TA,Y,175,231,-23,-3,-17,0,,,,107,7,2006,WD,Normal,309294
79,120,RL,51.878552233413345,6899,Pave,Pave,Reg,Bnk,AllPub,Inside,Gtl,NAmes,Norm,Norm,TwnhsE,2Story,6,5,1972,1997,Gable,CompShg,MetalSd,MetalSd,None,61.255397705052765,Gd,TA,PConc,Gd,TA,Gd,Unf,371,Unf,-3,1108,1542,GasA,Ex,N,SBrkr,1021,661,20,1559,1,0,1,0,3,1,Gd,7,Typ,1,Gd,Detchd,1969.1612090606543,Fin,2,530,Fa,Fa,N,102,77,-15,-5,12,19,,,,-90,6,2007,WD,Abnorml,145364
80,13,RL,,12576,Pave,,IR1,Lvl,AllPub,CulDSac,Gtl,CollgCr,Norm,Norm,1Fam,1Story,8,6,2001,2003,Gable,CompShg,VinylSd,VinylSd,Stone,187.6632146454043,Gd,Gd,PConc,Gd,TA,No,ALQ,694,Unf,-26,856,1642,GasA,Ex,Y,SBrkr,1798,-32,-3,1601,1,0,2,0,4,1,Gd,6,Typ,0,,Attchd,1995.2157848644672,Fin,1,403,TA,TA,Y,294,146,-6,2,16,0,,,,18,11,2009,WD,Normal,272809
81,53,RM,48.96044275450187,5987,Pave,Grvl,Reg,Lvl,AllPub,Inside,Gtl,CollgCr,Artery,Norm,1Fam,2Story,6,6,1954,2007,Gable,CompShg,Wd Sdng,VinylSd,None,-54.62680071082131,Gd,TA,PConc,Gd,TA,No,BLQ,35,Unf,-55,284,87,GasA,Ex,Y,SBrkr,502,622,-10,891,0,0,1,1,2,1,Gd,4,Min2,0,,Detchd,1957.54184503999,Unf,1,94,Fa,TA,Y,-6,48,14,-10,5,-9,,,,96,8,2007,WD,Normal,84737
82,72,RM,71.27352107763136,9996,Pave,,Reg,HLS,AllPub,Inside,Gtl,OldTown,Norm,Norm,1Fam,1.5Fin,5,7,1931,1987,Gable,CompShg,Wd Sdng,Wd Sdng,None,-3.475950085399244,TA,TA,PConc,TA,TA,Mn,Unf,-99,Unf,-24,944,684,GasA,Ex,Y,SBrkr,888,926,22,1780,0,0,1,1,2,1,Gd,7,Typ,0,,Detchd,1922.926385276892,Unf,1,307,TA,TA,N,9,10,237,6,-7,8,,MnPrv,,145,7,2008,WD,Normal,120825
83,11,RL,,9741,Pave,,IR1,Lvl,AllPub,FR2,Gtl,NAmes,Norm,Norm,1Fam,1Story,7,5,2005,2009,Gable,CompShg,VinylSd,VinylSd,BrkFace,199.30213309196012,Gd,TA,PConc,Gd,TA,Av,BLQ,380,Unf,53,1659,2230,GasA,Ex,Y,SBrkr,2212,-200,9,1418,0,0,2,0,3,1,TA,7,Typ,1,TA,Attchd,2000.6677109402585,RFn,2,758,TA,TA,Y,207,57,-17,3,18,1,,GdWo,,36,3,2007,WD,Partial,257620
84,49,RM,41.36016476569329,-1278,Pave,,Reg,Lvl,AllPub,CulDSac,Gtl,OldTown,Norm,Norm,1Fam,1Story,5,5,1983,1955,Gable,CompShg,VinylSd,VinylSd,None,27.474116607956006,TA,TA,Slab,,,,,-230,Unf,-59,819,577,GasA,Fa,N,FuseA,627,25,-12,835,0,0,2,0,3,1,Gd,6,Typ,0,,Detchd,1983.793641429712,Unf,2,372,TA,TA,Y,-21,-1,-11,-5,-25,-15,,,,-182,9,2008,New,Normal,94974
85,72,RM,46.494203203266785,7445,Pave,,Reg,Bnk,AllPub,Inside,Mod,CollgCr,Norm,Norm,1Fam,2Story,5,5,1953,1973,Gable,CompShg,Stucco,MetalSd,BrkFace,221.71943888153106,TA,TA,BrkTil,Gd,TA,No,GLQ,659,Unf,-38,159,753,GasA,Ex,Y,SBrkr,867,613,-7,1437,0,0,1,0,4,1,Gd,7,Typ,1,TA,Detchd,1975.55625432845,Unf,2,872,TA,TA,Y,163,5,10,-6,8,-3,,MnPrv,,-91,5,2009,WD,Normal,128536
86,5,RL,61.230680864842924,9157,Pave,,IR1,Lvl,AllPub,Inside,Gtl,NridgHt,Norm,Norm,1Fam,1Story,5,5,1920,1946,Gable,CompShg,MetalSd,MetalSd,None,7.776093489781093,TA,TA,CBlock,TA,Fa,No,LwQ,-157,Unf,23,1342,1246,GasA,Gd,Y,FuseF,1027,-37,3,1032,0,0,1,0,3,1,TA,5,Typ,2,Gd,Attchd,1949.0177073130762,,0,2,,,Y,-13,44,29,-2,429,-1,,,Shed,2453,10,2008,WD,Normal,100484
87,14,RL,74.22403419189838,11092,Pave,,Reg,Lvl,AllPub,Inside,Gtl,CollgCr,Norm,Norm,1Fam,1Story,7,6,1950,1959,Gable,CompShg,MetalSd,MetalSd,BrkFace,27.236869679824526,TA,Gd,BrkTil,TA,TA,No,Unf,-138,Unf,-10,1924,1503,GasA,Ex,Y,SBrkr,1595,-61,23,1474,0,0,2,0,4,1,Gd,8,Typ,0,,Detchd,1969.7882346735948,Unf,1,419,TA,TA,Y,-51,151,35,-10,6,5,,,,-294,5,2006,WD,Normal,136781
88,25,RL,66.10806365284128,9838,Pave,,Reg,Lvl,AllPub,Inside,Mod,Gilbert,Norm,Norm,1Fam,1Story,5,5,1966,2001,Gable,CompShg,MetalSd,MetalSd,None,-30.853136428651336,TA,TA,Slab,TA,TA,Av,ALQ,582,Unf,22,85,789,GasA,Ex,Y,SBrkr,1202,25,17,1425,1,0,2,0,3,1,Gd,8,Typ,1,,Attchd,1976.0110050697278,RFn,1,345,TA,TA,Y,314,107,-8,5,-13,-3,,,,-9,7,2008,WD,Normal,139107
89,61,RL,63.58034360395924,6668,Pave,,Reg,Lvl,AllPub,Inside,Gtl,Edwards,Norm,Norm,1Fam,1Story,6,5,1998,1993,Gable,CompShg,VinylSd,VinylSd,None,-67.48443978119982,Gd,Po,PConc,Gd,TA,No,GLQ,365,Unf,42,336,813,GasA,Ex,Y,FuseF,814,119,518,1374,1,0,2,0,3,1,Gd,6,Typ,1,,Attchd,1995.684827505867,Fin,0,205,TA,TA,Y,35,57,-13,-12,19,-1,,MnPrv,,-48,9,2010,WD,Normal,154073
90,26,RL,122.27112525520774,12572,Pave,,IR1,Lvl,AllPub,Corner,Gtl,Sawyer,Feedr,Norm,1Fam,2Story,6,5,1992,1992,Gable,CompShg,VinylSd,Plywood,None,105.29037277525634,Gd,TA,CBlock,TA,TA,No,Unf,257,Unf,-45,568,589,GasA,Ex,Y,FuseA,811,1547,-7,2194,0,0,2,1,4,1,Gd,7,Typ,2,TA,BuiltIn,1994.6162635191777,RFn,2,366,TA,TA,Y,207,149,10,0,2,7,,,,178,4,2008,WD,Normal,181642
91,52,RL,75.84233354521305,11182,Pave,,IR1,Lvl,AllPub,Inside,Gtl,NAmes,Norm,Norm,1Fam,2Story,10,6,2010,2013,Hip,CompShg,HdBoard,Plywood,BrkFace,496.58996301525275,Gd,TA,CBlock,TA,TA,Av,ALQ,1365,Unf,33,78,1711,GasA,Ex,Y,SBrkr,1260,241,-1,1723,1,0,1,1,3,1,Gd,9,Typ,1,TA,Detchd,2011.1743461769322,Fin,3,964,TA,TA,Y,-9,56,10,3,277,0,,MnPrv,,-223,7,2006,WD,Normal,372764
92,60,RL,56.93452385414973,8631,Pave,,Reg,Lvl,AllPub,Inside,Gtl,NAmes,Artery,Norm,TwnhsE,1Story,8,5,1949,1966,Gable,CompShg,Wd Sdng,Stucco,None,-37.89270546659576,Gd,TA,BrkTil,TA,Fa,Av,ALQ,395,Unf,-7,794,1114,GasA,Fa,N,SBrkr,1337,-59,15,1438,0,0,1,0,3,1,TA,5,Typ,0,,Detchd,1992.8636808966646,Unf,1,639,TA,TA,Y,-40,111,166,4,-3,21,,MnPrv,,-114,7,2007,ConLD,Abnorml,174576
93,186,RL,75.42021246486031,1137,Pave,,Reg,Lvl,AllPub,Inside,Gtl,CollgCr,Norm,Norm,TwnhsE,2Story,6,6,2009,2007,Gable,CompShg,VinylSd,VinylSd,BrkFace,365.3791645502786,Gd,TA,PConc,Gd,TA,Av,GLQ,385,Unf,-87,1254,1031,GasA,Ex,Y,SBrkr,815,615,402,1487,1,0,1,1,3,1,Ex,7,Typ,0,,Attchd,2006.524229181269,RFn,2,372,TA,TA,Y,141,16,-23,3,-10,-9,,,,-190,7,2009,WD,Normal,200795
94,100,RM,71.78075034191086,7819,Pave,,Reg,Lvl,AllPub,Corner,Gtl,BrDale,Norm,Norm,1Fam,SLvl,6,6,1985,2003,Gable,CompShg,Wd Sdng,Wd Sdng,BrkFace,430.24625885499916,TA,TA,PConc,TA,TA,Av,GLQ,389,Unf,5,349,788,GasA,TA,Y,SBrkr,816,72,3,1191,1,0,2,1,3,1,TA,8,Typ,0,,Detchd,1992.0708183023623,Unf,2,431,TA,TA,Y,57,5,-15,-11,-4,1,,,,-94,0,2006,WD,Normal,136709
95,69,RL,62.74775799772487,6136,Pave,,Reg,Lvl,AllPub,Corner,Gtl,Veenker,Artery,Norm,1Fam,1.5Fin,6,7,1916,1952,Hip,CompShg,Wd Sdng,Wd Sdng,None,-46.65688336305034,TA,TA,CBlock,TA,TA,No,Unf,359,Unf,-9,250,658,GasA,Gd,Y,SBrkr,809,113,1,1053,0,1,1,0,2,1,TA,6,Typ,0,TA,Detchd,1948.5970449692659,Unf,2,316,TA,TA,Y,-50,3,2,0,0,4,,MnPrv,,76,9,2007,WD,Normal,88726
96,66,RM,62.383794404597445,7601,Pave,,Reg,Lvl,AllPub,Inside,Gtl,Crawfor,Norm,Norm,1Fam,2Story,5,6,1922,1953,Gable,CompShg,HdBoard,MetalSd,BrkFace,338.33493281673196,TA,TA,BrkTil,TA,TA,No,Unf,-151,Unf,11,904,808,GasA,Gd,N,SBrkr,1074,638,7,1717,0,0,1,1,3,2,TA,8,Typ,0,Po,Detchd,1926.9351566850594,Unf,2,503,TA,TA,Y,14,-9,-17,0,20,-13,,,,10,11,2006,WD,Normal,132004
97,72,RL,69.1264303498412,7638,Pave,,Reg,Bnk,AllPub,Inside,Gtl,BrkSide,Norm,Norm,1Fam,2Story,7,3,2004,2001,Gable,CompShg,VinylSd,VinylSd,BrkFace,213.17296891222,Gd,Fa,PConc,Gd,TA,No,Unf,-179,Unf,2,1117,939,GasA,Ex,Y,FuseA,868,775,-17,1394,0,0,2,1,3,1,Gd,5,Maj1,0,,Attchd,2008.7088709127577,Fin,2,601,TA,TA,Y,30,38,17,0,-5,3,,,,-167,5,2010,WD,Normal,176389
98,29,RL,84.25540004623585,10963,Pave,,Reg,Lvl,AllPub,Inside,Gtl,CollgCr,Norm,Norm,1Fam,2Story,8,5,1999,2004,Gable,CompShg,VinylSd,VinylSd,Stone,82.24103637833173,TA,TA,PConc,TA,TA,No,BLQ,659,Unf,2,1048,1886,GasA,TA,Y,SBrkr,1608,78,512,2120,1,0,2,1,4,1,Gd,7,Typ,2,TA,Attchd,2013.18931010933,RFn,2,853,TA,TA,Y,400,124,-30,10,15,9,,,,54,4,2008,WD,Normal,300031
99,32,RL,86.16489296235248,8807,Pave,,Reg,Lvl,AllPub,Inside,Mod,CollgCr,Norm,Norm,1Fam,2Story,5,2,2012,2001,Gable,CompShg,VinylSd,VinylSd,None,-43.235644547758255,Gd,Fa,PConc,Gd,TA,,GLQ,156,Unf,-61,451,736,GasA,Ex,Y,SBrkr,951,106,13,1382,0,0,2,1,3,1,Gd,6,Maj1,1,Gd,Attchd,2005.428453799621,RFn,2,438,TA,TA,Y,69,42,-8,-1,1,-6,,,,-20,6,2006,New,Partial,148131
